Date,Country,Count
1982,US,6234
1982,Canada,200
1982,Austria,9
1982,Denmark,1
1982,France,22
1982,Germany,31
1982,Greece,4
1982,Netherlands,20
1982,Hungary,0
1982,Italy,38
1982,Norway,13
1982,Poland,0
1982,Romania,0
1982,Spain,12
1982,Turkey,34
1982,U.K.,57
1982,Yugoslavia/Croatia,24
1982,Abu Dhabi,41
1982,Dubai,3
1982,Egypt,36
1982,Iran,3
1982,Iraq,11
1982,Jordan,0
1982,Kuwait,4
1982,Oman,12
1982,Pakistan,16
1982,Qatar,5
1982,Saudi Arabia,30
1982,Sudan,0
1982,Syria,15
1982,Yemen,0
1982,Algeria,81
1982,Angola,11
1982,Congo,6
1982,Gabon,12
1982,Kenya,0
1982,Libya,31
1982,Nigeria,27
1982,S.Africa,2
1982,Tunisia,11
1982,Argentina,67
1982,Bolivia,11
1982,Brazil,94
1982,Chile,7
1982,Colombia,22
1982,CostaRica,0
1982,Ecuador,6
1982,Mexico,202
1982,Peru,24
1982,Trinidad,14
1982,Venezuela,70
1982,Australia,33
1982,Bangladesh,5
1982,Brunei,10
1982,India,51
1982,Indonesia,92
1982,Japan,22
1982,Malaysia,13
1982,Myanmar,32
1982,New Zealand,1
1982,Papua New Guinea,0
1982,Phillippines,15
1982,Taiwan,3
1982,Thailand,8
1982,Vietnam,0
,,
1983,US,2229
1983,Canada,201
1983,Austria,9
1983,Denmark,2.5
1983,France,18
1983,Germany,26
1983,Greece,3
1983,Netherlands,16
1983,Hungary,0
1983,Italy,27
1983,Norway,10
1983,Poland,0
1983,Romania,0
1983,Spain,7
1983,Turkey,26
1983,U.K.,42
1983,Yugoslavia/Croatia,21
1983,Abu Dhabi,36
1983,Dubai,6
1983,Egypt,35
1983,Iran,12
1983,Iraq,23
1983,Jordan,2
1983,Kuwait,5
1983,Oman,10
1983,Pakistan,17
1983,Qatar,3
1983,Saudi Arabia,26
1983,Sudan,0
1983,Syria,15
1983,Yemen,0
1983,Algeria,55
1983,Angola,12
1983,Congo,4
1983,Gabon,7
1983,Kenya,0
1983,Libya,24
1983,Nigeria,18
1983,S.Africa,2
1983,Tunisia,7
1983,Argentina,73
1983,Bolivia,8
1983,Brazil,85
1983,Chile,6
1983,Colombia,18
1983,CostaRica,1
1983,Ecuador,5
1983,Mexico,186
1983,Peru,16
1983,Trinidad,10
1983,Venezuela,43
1983,Australia,24
1983,Bangladesh,2
1983,Brunei,10
1983,India,56
1983,Indonesia,89
1983,Japan,20
1983,Malaysia,10
1983,Myanmar,37
1983,New Zealand,2
1983,Papua New Guinea,2
1983,Phillippines,8
1983,Taiwan,5
1983,Thailand,12
1983,Vietnam,0
,,
1984,US,2429
1984,Canada,259
1984,Austria,7
1984,Denmark,1.5
1984,France,21
1984,Germany,19
1984,Greece,4
1984,Netherlands,19
1984,Hungary,0
1984,Italy,26
1984,Norway,10
1984,Poland,0
1984,Romania,0
1984,Spain,9
1984,Turkey,24
1984,U.K.,59
1984,Yugoslavia/Croatia,25
1984,Abu Dhabi,30
1984,Dubai,7
1984,Egypt,37
1984,Iran,20
1984,Iraq,19
1984,Jordan,3
1984,Kuwait,6
1984,Oman,11
1984,Pakistan,17
1984,Qatar,2
1984,Saudi Arabia,15
1984,Sudan,0
1984,Syria,23
1984,Yemen,1
1984,Algeria,27
1984,Angola,7
1984,Congo,3
1984,Gabon,7
1984,Kenya,0
1984,Libya,26
1984,Nigeria,12
1984,S.Africa,2
1984,Tunisia,5
1984,Argentina,82
1984,Bolivia,6
1984,Brazil,69
1984,Chile,6
1984,Colombia,16
1984,CostaRica,1
1984,Ecuador,4
1984,Mexico,196
1984,Peru,17
1984,Trinidad,9
1984,Venezuela,30
1984,Australia,34
1984,Bangladesh,4
1984,Brunei,9
1984,India,57
1984,Indonesia,82
1984,Japan,18
1984,Malaysia,9
1984,Myanmar,33
1984,New Zealand,2
1984,Papua New Guinea,1
1984,Phillippines,3
1984,Taiwan,6
1984,Thailand,11
1984,Vietnam,0
,,
1985,US,1976
1985,Canada,311
1985,Austria,7
1985,Denmark,1.5
1985,France,22
1985,Germany,20
1985,Greece,1
1985,Netherlands,24
1985,Hungary,0
1985,Italy,40
1985,Norway,13
1985,Poland,0
1985,Romania,0
1985,Spain,11
1985,Turkey,25
1985,U.K.,63
1985,Yugoslavia/Croatia,27
1985,Abu Dhabi,22
1985,Dubai,4
1985,Egypt,37
1985,Iran,20
1985,Iraq,28
1985,Jordan,2
1985,Kuwait,6
1985,Oman,13
1985,Pakistan,18
1985,Qatar,4
1985,Saudi Arabia,12
1985,Sudan,0
1985,Syria,26
1985,Yemen,2
1985,Algeria,35
1985,Angola,10
1985,Congo,2
1985,Gabon,7
1985,Kenya,0
1985,Libya,30
1985,Nigeria,9
1985,S.Africa,3
1985,Tunisia,4
1985,Argentina,81
1985,Bolivia,5
1985,Brazil,76
1985,Chile,6
1985,Colombia,21
1985,CostaRica,0
1985,Ecuador,2
1985,Mexico,196
1985,Peru,11
1985,Trinidad,10
1985,Venezuela,33
1985,Australia,31
1985,Bangladesh,5
1985,Brunei,7
1985,India,62
1985,Indonesia,80
1985,Japan,16
1985,Malaysia,8
1985,Myanmar,33
1985,New Zealand,4
1985,Papua New Guinea,2
1985,Phillippines,2
1985,Taiwan,7
1985,Thailand,9
1985,Vietnam,0
,,
1986,US,970
1986,Canada,178
1986,Austria,6
1986,Denmark,1.5
1986,France,15
1986,Germany,19
1986,Greece,0
1986,Netherlands,16
1986,Hungary,0
1986,Italy,33
1986,Norway,12
1986,Poland,0
1986,Romania,0
1986,Spain,7
1986,Turkey,27
1986,U.K.,43
1986,Yugoslavia/Croatia,30
1986,Abu Dhabi,15
1986,Dubai,3
1986,Egypt,33
1986,Iran,18
1986,Iraq,21
1986,Jordan,2
1986,Kuwait,6
1986,Oman,14
1986,Pakistan,17
1986,Qatar,0
1986,Saudi Arabia,6
1986,Sudan,0
1986,Syria,27
1986,Yemen,5
1986,Algeria,41
1986,Angola,8
1986,Congo,2
1986,Gabon,3
1986,Kenya,0
1986,Libya,20
1986,Nigeria,10
1986,S.Africa,3
1986,Tunisia,3
1986,Argentina,47
1986,Bolivia,4
1986,Brazil,77
1986,Chile,6
1986,Colombia,17
1986,CostaRica,0
1986,Ecuador,2
1986,Mexico,163
1986,Peru,14
1986,Trinidad,11
1986,Venezuela,29
1986,Australia,14
1986,Bangladesh,5
1986,Brunei,5
1986,India,70
1986,Indonesia,62
1986,Japan,15
1986,Malaysia,8
1986,Myanmar,33
1986,New Zealand,5
1986,Papua New Guinea,2
1986,Phillippines,1
1986,Taiwan,7
1986,Thailand,3
1986,Vietnam,0
,,
1987,US,937
1987,Canada,181
1987,Austria,4
1987,Denmark,1.5
1987,France,8
1987,Germany,12
1987,Greece,2
1987,Netherlands,10
1987,Hungary,0
1987,Italy,26
1987,Norway,12
1987,Poland,0
1987,Romania,0
1987,Spain,2
1987,Turkey,26
1987,U.K.,44
1987,Yugoslavia/Croatia,31
1987,Abu Dhabi,9
1987,Dubai,2
1987,Egypt,23
1987,Iran,17
1987,Iraq,10
1987,Jordan,2
1987,Kuwait,6
1987,Oman,10
1987,Pakistan,14
1987,Qatar,1
1987,Saudi Arabia,5
1987,Sudan,0
1987,Syria,22
1987,Yemen,4
1987,Algeria,40
1987,Angola,10
1987,Congo,3
1987,Gabon,3
1987,Kenya,1
1987,Libya,12
1987,Nigeria,11
1987,S.Africa,3
1987,Tunisia,4
1987,Argentina,61
1987,Bolivia,6
1987,Brazil,61
1987,Chile,7
1987,Colombia,14
1987,CostaRica,1
1987,Ecuador,3
1987,Mexico,143
1987,Peru,15
1987,Trinidad,9
1987,Venezuela,18
1987,Australia,16
1987,Bangladesh,5
1987,Brunei,4
1987,India,116
1987,Indonesia,37
1987,Japan,10
1987,Malaysia,8
1987,Myanmar,29
1987,New Zealand,3
1987,Papua New Guinea,2
1987,Phillippines,2
1987,Taiwan,5
1987,Thailand,6
1987,Vietnam,0
,,
1988,US,937
1988,Canada,196
1988,Austria,4
1988,Denmark,1
1988,France,8
1988,Germany,9
1988,Greece,2
1988,Netherlands,14
1988,Hungary,0
1988,Italy,24
1988,Norway,15
1988,Poland,0
1988,Romania,0
1988,Spain,2
1988,Turkey,22
1988,U.K.,57
1988,Yugoslavia/Croatia,31
1988,Abu Dhabi,8
1988,Dubai,3
1988,Egypt,21
1988,Iran,18
1988,Iraq,23
1988,Jordan,2
1988,Kuwait,6
1988,Oman,9
1988,Pakistan,13
1988,Qatar,3
1988,Saudi Arabia,5
1988,Sudan,0
1988,Syria,22
1988,Yemen,3
1988,Algeria,32
1988,Angola,11
1988,Congo,2
1988,Gabon,5
1988,Kenya,1
1988,Libya,16
1988,Nigeria,14
1988,S.Africa,5
1988,Tunisia,3
1988,Argentina,63
1988,Bolivia,5
1988,Brazil,39
1988,Chile,5
1988,Colombia,19
1988,CostaRica,0
1988,Ecuador,6
1988,Mexico,155
1988,Peru,11
1988,Trinidad,7
1988,Venezuela,25
1988,Australia,18
1988,Bangladesh,2
1988,Brunei,4
1988,India,127
1988,Indonesia,44
1988,Japan,10
1988,Malaysia,9
1988,Myanmar,26
1988,New Zealand,2
1988,Papua New Guinea,2
1988,Phillippines,4
1988,Taiwan,4
1988,Thailand,5
1988,Vietnam,0
,,
1989,US,870
1989,Canada,130
1989,Austria,2
1989,Denmark,1
1989,France,7
1989,Germany,8
1989,Greece,1
1989,Netherlands,12
1989,Hungary,0
1989,Italy,22
1989,Norway,12
1989,Poland,0
1989,Romania,0
1989,Spain,3
1989,Turkey,20
1989,U.K.,46
1989,Yugoslavia/Croatia,32
1989,Abu Dhabi,6
1989,Dubai,3
1989,Egypt,18
1989,Iran,20
1989,Iraq,25
1989,Jordan,3
1989,Kuwait,4
1989,Oman,13
1989,Pakistan,14
1989,Qatar,3
1989,Saudi Arabia,5
1989,Sudan,0
1989,Syria,24
1989,Yemen,2
1989,Algeria,24
1989,Angola,8
1989,Congo,1
1989,Gabon,6
1989,Kenya,2
1989,Libya,17
1989,Nigeria,14
1989,S.Africa,3
1989,Tunisia,3
1989,Argentina,55
1989,Bolivia,6
1989,Brazil,27
1989,Chile,4
1989,Colombia,15
1989,CostaRica,0
1989,Ecuador,5
1989,Mexico,99
1989,Peru,10
1989,Trinidad,6
1989,Venezuela,27
1989,Australia,14
1989,Bangladesh,5
1989,Brunei,4
1989,India,135
1989,Indonesia,47
1989,Japan,5
1989,Malaysia,12
1989,Myanmar,23
1989,New Zealand,1
1989,Papua New Guinea,3
1989,Phillippines,6
1989,Taiwan,5
1989,Thailand,5
1989,Vietnam,0
,,
1990,US,1008
1990,Canada,138
1990,Austria,1
1990,Denmark,1
1990,France,6
1990,Germany,9
1990,Greece,0
1990,Netherlands,15
1990,Hungary,0
1990,Italy,21
1990,Norway,12
1990,Poland,0
1990,Romania,0
1990,Spain,1
1990,Turkey,17
1990,U.K.,49
1990,Yugoslavia/Croatia,31
1990,Abu Dhabi,8
1990,Dubai,4
1990,Egypt,15
1990,Iran,19
1990,Iraq,23
1990,Jordan,2
1990,Kuwait,2
1990,Oman,17
1990,Pakistan,11
1990,Qatar,2
1990,Saudi Arabia,9
1990,Sudan,0
1990,Syria,17
1990,Yemen,5
1990,Algeria,35
1990,Angola,8
1990,Congo,2
1990,Gabon,5
1990,Kenya,2
1990,Libya,15
1990,Nigeria,18
1990,S.Africa,3
1990,Tunisia,4
1990,Argentina,64
1990,Bolivia,6
1990,Brazil,22
1990,Chile,6
1990,Colombia,11
1990,CostaRica,0
1990,Ecuador,2
1990,Mexico,91
1990,Peru,5
1990,Trinidad,8
1990,Venezuela,32
1990,Australia,14
1990,Bangladesh,4
1990,Brunei,5
1990,India,137
1990,Indonesia,52
1990,Japan,8
1990,Malaysia,13
1990,Myanmar,20
1990,New Zealand,1
1990,Papua New Guinea,3
1990,Phillippines,6
1990,Taiwan,4
1990,Thailand,6
1990,Vietnam,0
,,
1991,US,862
1991,Canada,121
1991,Austria,2
1991,Denmark,1
1991,France,4
1991,Germany,7
1991,Greece,0
1991,Netherlands,11
1991,Hungary,5
1991,Italy,25
1991,Norway,16
1991,Poland,28
1991,Romania,0
1991,Spain,1
1991,Turkey,19
1991,U.K.,39
1991,Yugoslavia/Croatia,14
1991,Abu Dhabi,13
1991,Dubai,2
1991,Egypt,17
1991,Iran,21
1991,Iraq,0
1991,Jordan,2
1991,Kuwait,1
1991,Oman,14
1991,Pakistan,10
1991,Qatar,3
1991,Saudi Arabia,15
1991,Sudan,0
1991,Syria,14
1991,Yemen,5
1991,Algeria,31
1991,Angola,6
1991,Congo,4
1991,Gabon,5
1991,Kenya,0
1991,Libya,15
1991,Nigeria,21
1991,S.Africa,2
1991,Tunisia,6
1991,Argentina,60
1991,Bolivia,10
1991,Brazil,21
1991,Chile,6
1991,Colombia,9
1991,CostaRica,0
1991,Ecuador,7
1991,Mexico,109
1991,Peru,3
1991,Trinidad,6
1991,Venezuela,45
1991,Australia,12
1991,Bangladesh,0
1991,Brunei,4
1991,India,135
1991,Indonesia,52
1991,Japan,5
1991,Malaysia,14
1991,Myanmar,22
1991,New Zealand,1
1991,Papua New Guinea,2
1991,Phillippines,5
1991,Taiwan,3
1991,Thailand,4
1991,Vietnam,0
,,
1992,US,718
1992,Canada,96
1992,Austria,2
1992,Denmark,1.5
1992,France,3
1992,Germany,6
1992,Greece,0
1992,Netherlands,10
1992,Hungary,2
1992,Italy,23
1992,Norway,15
1992,Poland,18
1992,Romania,1
1992,Spain,0
1992,Turkey,15
1992,U.K.,34
1992,Yugoslavia/Croatia,1
1992,Abu Dhabi,15
1992,Dubai,3
1992,Egypt,16
1992,Iran,40
1992,Iraq,0
1992,Jordan,2
1992,Kuwait,4
1992,Oman,12
1992,Pakistan,11
1992,Qatar,4
1992,Saudi Arabia,22
1992,Sudan,0
1992,Syria,17
1992,Yemen,8
1992,Algeria,30
1992,Angola,4
1992,Congo,4
1992,Gabon,2
1992,Kenya,1
1992,Libya,15
1992,Nigeria,16
1992,S.Africa,2
1992,Tunisia,3
1992,Argentina,49
1992,Bolivia,16
1992,Brazil,26
1992,Chile,3
1992,Colombia,12
1992,CostaRica,0
1992,Ecuador,4
1992,Mexico,80
1992,Peru,6
1992,Trinidad,2
1992,Venezuela,50
1992,Australia,10
1992,Bangladesh,0
1992,Brunei,2
1992,India,124
1992,Indonesia,49
1992,Japan,7
1992,Malaysia,9
1992,Myanmar,18
1992,New Zealand,1
1992,Papua New Guinea,2
1992,Phillippines,7
1992,Taiwan,4
1992,Thailand,5
1992,Vietnam,0
,,
1993,US,753
1993,Canada,185
1993,Austria,1
1993,Denmark,1
1993,France,3
1993,Germany,7
1993,Greece,0
1993,Netherlands,7
1993,Hungary,2
1993,Italy,14
1993,Norway,13
1993,Poland,18
1993,Romania,4
1993,Spain,0
1993,Turkey,16
1993,U.K.,25
1993,Yugoslavia/Croatia,0
1993,Abu Dhabi,16
1993,Dubai,4
1993,Egypt,13
1993,Iran,45
1993,Iraq,0
1993,Jordan,0
1993,Kuwait,9
1993,Oman,16
1993,Pakistan,9
1993,Qatar,4
1993,Saudi Arabia,21
1993,Sudan,0
1993,Syria,15
1993,Yemen,6
1993,Algeria,29
1993,Angola,4
1993,Congo,2
1993,Gabon,3
1993,Kenya,0
1993,Libya,15
1993,Nigeria,10
1993,S.Africa,2
1993,Tunisia,4
1993,Argentina,41
1993,Bolivia,11
1993,Brazil,25
1993,Chile,4
1993,Colombia,13
1993,CostaRica,0
1993,Ecuador,6
1993,Mexico,36
1993,Peru,6
1993,Trinidad,2
1993,Venezuela,58
1993,Australia,11
1993,Bangladesh,0
1993,Brunei,1
1993,India,116
1993,Indonesia,47
1993,Japan,8
1993,Malaysia,9
1993,Myanmar,17
1993,New Zealand,2
1993,Papua New Guinea,1
1993,Phillippines,9
1993,Taiwan,3
1993,Thailand,5
1993,Vietnam,0
,,
1994,US,774
1994,Canada,259
1994,Austria,0
1994,Denmark,1
1994,France,2
1994,Germany,8
1994,Greece,0
1994,Netherlands,6
1994,Hungary,2
1994,Italy,11
1994,Norway,14
1994,Poland,18
1994,Romania,4
1994,Spain,0
1994,Turkey,16
1994,U.K.,23
1994,Yugoslavia/Croatia,0
1994,Abu Dhabi,15
1994,Dubai,2
1994,Egypt,14
1994,Iran,22
1994,Iraq,0
1994,Jordan,0
1994,Kuwait,9
1994,Oman,16
1994,Pakistan,10
1994,Qatar,4
1994,Saudi Arabia,17
1994,Sudan,0
1994,Syria,12
1994,Yemen,4
1994,Algeria,28
1994,Angola,5
1994,Congo,2
1994,Gabon,2
1994,Kenya,0
1994,Libya,13
1994,Nigeria,7
1994,S.Africa,1
1994,Tunisia,3
1994,Argentina,71
1994,Bolivia,10
1994,Brazil,23
1994,Chile,3
1994,Colombia,15
1994,CostaRica,0
1994,Ecuador,6
1994,Mexico,28
1994,Peru,4
1994,Trinidad,4
1994,Venezuela,70
1994,Australia,13
1994,Bangladesh,0
1994,Brunei,2
1994,India,85
1994,Indonesia,42
1994,Japan,6
1994,Malaysia,10
1994,Myanmar,11
1994,New Zealand,1
1994,Papua New Guinea,1
1994,Phillippines,11
1994,Taiwan,3
1994,Thailand,5
1994,Vietnam,8
,,
1995,US,724
1995,Canada,230
1995,Austria,1
1995,Denmark,1
1995,France,1
1995,Germany,9
1995,Greece,0
1995,Netherlands,8
1995,Hungary,2
1995,Italy,11
1995,Norway,13
1995,Poland,18
1995,Romania,4
1995,Spain,0
1995,Turkey,15
1995,U.K.,27
1995,Yugoslavia/Croatia,0
1995,Abu Dhabi,14
1995,Dubai,3
1995,Egypt,18
1995,Iran,21
1995,Iraq,0
1995,Jordan,0
1995,Kuwait,7
1995,Oman,17
1995,Pakistan,11
1995,Qatar,4
1995,Saudi Arabia,17
1995,Sudan,0
1995,Syria,13
1995,Yemen,3
1995,Algeria,28
1995,Angola,7
1995,Congo,2
1995,Gabon,3
1995,Kenya,0
1995,Libya,11
1995,Nigeria,9
1995,S.Africa,1
1995,Tunisia,3
1995,Argentina,92
1995,Bolivia,8
1995,Brazil,21
1995,Chile,3
1995,Colombia,16
1995,CostaRica,0
1995,Ecuador,3
1995,Mexico,35
1995,Peru,5
1995,Trinidad,5
1995,Venezuela,85
1995,Australia,12
1995,Bangladesh,0
1995,Brunei,1
1995,India,72
1995,Indonesia,37
1995,Japan,9
1995,Malaysia,9
1995,Myanmar,10
1995,New Zealand,2
1995,Papua New Guinea,2
1995,Phillippines,7
1995,Taiwan,2
1995,Thailand,4
1995,Vietnam,6
,,
1996,US,777
1996,Canada,271
1996,Austria,0
1996,Denmark,1
1996,France,1
1996,Germany,8
1996,Greece,0
1996,Netherlands,11
1996,Hungary,1
1996,Italy,14
1996,Norway,15
1996,Poland,18
1996,Romania,3
1996,Spain,0
1996,Turkey,10
1996,U.K.,31
1996,Yugoslavia/Croatia,2
1996,Abu Dhabi,14
1996,Dubai,3
1996,Egypt,19
1996,Iran,20
1996,Iraq,0
1996,Jordan,0
1996,Kuwait,5
1996,Oman,19
1996,Pakistan,11
1996,Qatar,8
1996,Saudi Arabia,16
1996,Sudan,0
1996,Syria,14
1996,Yemen,3
1996,Algeria,28
1996,Angola,10
1996,Congo,3
1996,Gabon,3
1996,Kenya,0
1996,Libya,13
1996,Nigeria,15
1996,S.Africa,0
1996,Tunisia,2
1996,Argentina,68
1996,Bolivia,7
1996,Brazil,23
1996,Chile,2
1996,Colombia,14
1996,CostaRica,0
1996,Ecuador,3
1996,Mexico,45
1996,Peru,7
1996,Trinidad,4
1996,Venezuela,108
1996,Australia,14
1996,Bangladesh,0
1996,Brunei,1
1996,India,61
1996,Indonesia,43
1996,Japan,7
1996,Malaysia,6
1996,Myanmar,11
1996,New Zealand,1
1996,Papua New Guinea,1
1996,Phillippines,6
1996,Taiwan,2
1996,Thailand,7
1996,Vietnam,7
,,
1997,US,944
1997,Canada,375
1997,Austria,0
1997,Denmark,1
1997,France,1
1997,Germany,4
1997,Greece,0
1997,Netherlands,11
1997,Hungary,1
1997,Italy,12
1997,Norway,17
1997,Poland,16
1997,Romania,2
1997,Spain,0
1997,Turkey,10
1997,U.K.,34
1997,Yugoslavia/Croatia,1
1997,Abu Dhabi,15
1997,Dubai,1
1997,Egypt,22
1997,Iran,22
1997,Iraq,0
1997,Jordan,0
1997,Kuwait,6
1997,Oman,23
1997,Pakistan,12
1997,Qatar,14
1997,Saudi Arabia,26
1997,Sudan,0
1997,Syria,14
1997,Yemen,3
1997,Algeria,29
1997,Angola,8
1997,Congo,5
1997,Gabon,4
1997,Kenya,0
1997,Libya,13
1997,Nigeria,13
1997,S.Africa,1
1997,Tunisia,2
1997,Argentina,57
1997,Bolivia,5
1997,Brazil,22
1997,Chile,2
1997,Colombia,16
1997,CostaRica,0
1997,Ecuador,4
1997,Mexico,49
1997,Peru,10
1997,Trinidad,4
1997,Venezuela,110
1997,Australia,14
1997,Bangladesh,0
1997,Brunei,3
1997,India,60
1997,Indonesia,54
1997,Japan,5
1997,Malaysia,6
1997,Myanmar,7
1997,New Zealand,1
1997,Papua New Guinea,2
1997,Phillippines,2
1997,Taiwan,2
1997,Thailand,6
1997,Vietnam,6
,,
1998,US,829
1998,Canada,260
1998,Austria,0
1998,Denmark,1.5
1998,France,2
1998,Germany,3
1998,Greece,0
1998,Netherlands,8
1998,Hungary,2
1998,Italy,10
1998,Norway,17
1998,Poland,15
1998,Romania,2
1998,Spain,0
1998,Turkey,7
1998,U.K.,28
1998,Yugoslavia/Croatia,0
1998,Abu Dhabi,15
1998,Dubai,3
1998,Egypt,22
1998,Iran,25
1998,Iraq,0
1998,Jordan,0
1998,Kuwait,8
1998,Oman,24
1998,Pakistan,11
1998,Qatar,12
1998,Saudi Arabia,27
1998,Sudan,0
1998,Syria,14
1998,Yemen,4
1998,Algeria,23
1998,Angola,6
1998,Congo,6
1998,Gabon,6
1998,Kenya,0
1998,Libya,13
1998,Nigeria,12
1998,S.Africa,1
1998,Tunisia,2
1998,Argentina,44
1998,Bolivia,12
1998,Brazil,20
1998,Chile,1
1998,Colombia,12
1998,CostaRica,0
1998,Ecuador,5
1998,Mexico,56
1998,Peru,5
1998,Trinidad,6
1998,Venezuela,83
1998,Australia,14
1998,Bangladesh,0
1998,Brunei,2
1998,India,52
1998,Indonesia,50
1998,Japan,5
1998,Malaysia,8
1998,Myanmar,9
1998,New Zealand,1
1998,Papua New Guinea,2
1998,Phillippines,1
1998,Taiwan,1
1998,Thailand,8
1998,Vietnam,7
,,
1999,US,622
1999,Canada,246
1999,Austria,0
1999,Denmark,1
1999,France,1
1999,Germany,4
1999,Greece,0
1999,Netherlands,4
1999,Hungary,1
1999,Italy,9
1999,Norway,17
1999,Poland,14
1999,Romania,2
1999,Spain,0
1999,Turkey,6
1999,U.K.,19
1999,Yugoslavia/Croatia,0
1999,Abu Dhabi,14
1999,Dubai,2
1999,Egypt,17
1999,Iran,27
1999,Iraq,0
1999,Jordan,0
1999,Kuwait,11
1999,Oman,19
1999,Pakistan,7
1999,Qatar,6
1999,Saudi Arabia,20
1999,Sudan,0
1999,Syria,13
1999,Yemen,4
1999,Algeria,13
1999,Angola,5
1999,Congo,3
1999,Gabon,2
1999,Kenya,0
1999,Libya,8
1999,Nigeria,8
1999,S.Africa,1
1999,Tunisia,1
1999,Argentina,35
1999,Bolivia,13
1999,Brazil,19
1999,Chile,1
1999,Colombia,12
1999,CostaRica,0
1999,Ecuador,3
1999,Mexico,43
1999,Peru,1
1999,Trinidad,3
1999,Venezuela,57
1999,Australia,10
1999,Bangladesh,0
1999,Brunei,3
1999,India,46
1999,Indonesia,33
1999,Japan,5
1999,Malaysia,6
1999,Myanmar,7
1999,New Zealand,1
1999,Papua New Guinea,1
1999,Phillippines,0
1999,Taiwan,0
1999,Thailand,7
1999,Vietnam,9
,,
2000,US,916
2000,Canada,344
2000,Austria,0
2000,Denmark,1.5
2000,France,1
2000,Germany,3
2000,Greece,0
2000,Netherlands,4
2000,Hungary,1
2000,Italy,8
2000,Norway,22
2000,Poland,15
2000,Romania,0
2000,Spain,0
2000,Turkey,6
2000,U.K.,19
2000,Yugoslavia/Croatia,0
2000,Abu Dhabi,11
2000,Dubai,2
2000,Egypt,18
2000,Iran,27
2000,Iraq,0
2000,Jordan,0
2000,Kuwait,12
2000,Oman,24
2000,Pakistan,9
2000,Qatar,7
2000,Saudi Arabia,26
2000,Sudan,0
2000,Syria,14
2000,Yemen,6
2000,Algeria,15
2000,Angola,6
2000,Congo,3
2000,Gabon,2
2000,Kenya,0
2000,Libya,7
2000,Nigeria,8
2000,S.Africa,1
2000,Tunisia,1
2000,Argentina,57
2000,Bolivia,11
2000,Brazil,23
2000,Chile,1
2000,Colombia,14
2000,CostaRica,0
2000,Ecuador,7
2000,Mexico,44
2000,Peru,4
2000,Trinidad,3
2000,Venezuela,62
2000,Australia,10
2000,Bangladesh,0
2000,Brunei,2
2000,India,49
2000,Indonesia,32
2000,Japan,6
2000,Malaysia,7
2000,Myanmar,9
2000,New Zealand,1
2000,Papua New Guinea,0
2000,Phillippines,0
2000,Taiwan,0
2000,Thailand,6
2000,Vietnam,8
,,
2001,US,1156
2001,Canada,342
2001,Austria,0
2001,Denmark,2
2001,France,1
2001,Germany,4
2001,Greece,0
2001,Netherlands,6
2001,Hungary,1
2001,Italy,8
2001,Norway,23
2001,Poland,14
2001,Romania,2
2001,Spain,0
2001,Turkey,6
2001,U.K.,24
2001,Yugoslavia/Croatia,0
2001,Abu Dhabi,14
2001,Dubai,2
2001,Egypt,22
2001,Iran,30
2001,Iraq,0
2001,Jordan,0
2001,Kuwait,9
2001,Oman,25
2001,Pakistan,9
2001,Qatar,9
2001,Saudi Arabia,31
2001,Sudan,0
2001,Syria,19
2001,Yemen,6
2001,Algeria,20
2001,Angola,5
2001,Congo,1
2001,Gabon,2
2001,Kenya,0
2001,Libya,5
2001,Nigeria,11
2001,S.Africa,1
2001,Tunisia,2
2001,Argentina,71
2001,Bolivia,7
2001,Brazil,28
2001,Chile,1
2001,Colombia,15
2001,CostaRica,0
2001,Ecuador,10
2001,Mexico,54
2001,Peru,4
2001,Trinidad,6
2001,Venezuela,68
2001,Australia,10
2001,Bangladesh,0
2001,Brunei,3
2001,India,50
2001,Indonesia,41
2001,Japan,7
2001,Malaysia,11
2001,Myanmar,6
2001,New Zealand,2
2001,Papua New Guinea,1
2001,Phillippines,0
2001,Taiwan,0
2001,Thailand,6
2001,Vietnam,8
,,
2002,US,831
2002,Canada,266
2002,Austria,0
2002,Denmark,2
2002,France,0
2002,Germany,3
2002,Greece,0
2002,Netherlands,5
2002,Hungary,1
2002,Italy,6
2002,Norway,19
2002,Poland,13
2002,Romania,2
2002,Spain,0
2002,Turkey,5
2002,U.K.,27
2002,Yugoslavia/Croatia,1
2002,Abu Dhabi,15
2002,Dubai,2
2002,Egypt,23
2002,Iran,33
2002,Iraq,0
2002,Jordan,0
2002,Kuwait,6
2002,Oman,29
2002,Pakistan,12
2002,Qatar,13
2002,Saudi Arabia,33
2002,Sudan,4
2002,Syria,22
2002,Yemen,9
2002,Algeria,19
2002,Angola,5
2002,Congo,1
2002,Gabon,2
2002,Kenya,0
2002,Libya,10
2002,Nigeria,12
2002,S.Africa,1
2002,Tunisia,2
2002,Argentina,49
2002,Bolivia,4
2002,Brazil,26
2002,Chile,0
2002,Colombia,11
2002,CostaRica,0
2002,Ecuador,9
2002,Mexico,66
2002,Peru,2
2002,Trinidad,4
2002,Venezuela,42
2002,Australia,9
2002,Bangladesh,0
2002,Brunei,3
2002,India,54
2002,Indonesia,46
2002,Japan,7
2002,Malaysia,14
2002,Myanmar,9
2002,New Zealand,2
2002,Papua New Guinea,1
2002,Phillippines,1
2002,Taiwan,0
2002,Thailand,8
2002,Vietnam,8
,,
2003,US,1032
2003,Canada,372
2003,Austria,0
2003,Denmark,2
2003,France,1
2003,Germany,2
2003,Greece,0
2003,Netherlands,5
2003,Hungary,2
2003,Italy,6
2003,Norway,19
2003,Poland,11
2003,Romania,2
2003,Spain,0
2003,Turkey,4
2003,U.K.,19
2003,Yugoslavia/Croatia,3
2003,Abu Dhabi,14
2003,Dubai,2
2003,Egypt,27
2003,Iran,35
2003,Iraq,0
2003,Jordan,0
2003,Kuwait,5
2003,Oman,35
2003,Pakistan,13
2003,Qatar,7
2003,Saudi Arabia,33
2003,Sudan,7
2003,Syria,24
2003,Yemen,9
2003,Algeria,20
2003,Angola,4
2003,Congo,1
2003,Gabon,3
2003,Kenya,0
2003,Libya,10
2003,Nigeria,10
2003,S.Africa,0
2003,Tunisia,2
2003,Argentina,61
2003,Bolivia,4
2003,Brazil,26
2003,Chile,0
2003,Colombia,11
2003,CostaRica,0
2003,Ecuador,9
2003,Mexico,93
2003,Peru,2
2003,Trinidad,3
2003,Venezuela,37
2003,Australia,11
2003,Bangladesh,0
2003,Brunei,3
2003,India,60
2003,Indonesia,45
2003,Japan,6
2003,Malaysia,14
2003,Myanmar,8
2003,New Zealand,1
2003,Papua New Guinea,2
2003,Phillippines,1
2003,Taiwan,0
2003,Thailand,6
2003,Vietnam,9
,,
2004,US,1190
2004,Canada,369
2004,Austria,0
2004,Denmark,2
2004,France,1
2004,Germany,3
2004,Greece,0
2004,Netherlands,5
2004,Hungary,2
2004,Italy,6
2004,Norway,17
2004,Poland,5
2004,Romania,2
2004,Spain,0
2004,Turkey,4
2004,U.K.,15
2004,Yugoslavia/Croatia,3
2004,Abu Dhabi,14
2004,Dubai,2
2004,Egypt,28
2004,Iran,41
2004,Iraq,0
2004,Jordan,1
2004,Kuwait,10
2004,Oman,35
2004,Pakistan,11
2004,Qatar,9
2004,Saudi Arabia,32
2004,Sudan,14
2004,Syria,24
2004,Yemen,9
2004,Algeria,19
2004,Angola,3
2004,Congo,2
2004,Gabon,2
2004,Kenya,0
2004,Libya,10
2004,Nigeria,8
2004,S.Africa,0
2004,Tunisia,1
2004,Argentina,71
2004,Bolivia,5
2004,Brazil,26
2004,Chile,0
2004,Colombia,9
2004,CostaRica,0
2004,Ecuador,10
2004,Mexico,110
2004,Peru,2
2004,Trinidad,4
2004,Venezuela,55
2004,Australia,14
2004,Bangladesh,0
2004,Brunei,3
2004,India,70
2004,Indonesia,50
2004,Japan,4
2004,Malaysia,14
2004,Myanmar,9
2004,New Zealand,4
2004,Papua New Guinea,2
2004,Phillippines,3
2004,Taiwan,0
2004,Thailand,6
2004,Vietnam,8
,,
2005,US,1380
2005,Canada,458
2005,Austria,0
2005,Denmark,1
2005,France,0
2005,Germany,4
2005,Greece,0
2005,Netherlands,4
2005,Hungary,2
2005,Italy,4
2005,Norway,17
2005,Poland,2
2005,Romania,3
2005,Spain,0
2005,Turkey,4
2005,U.K.,21
2005,Yugoslavia/Croatia,3
2005,Abu Dhabi,13
2005,Dubai,3
2005,Egypt,29
2005,Iran,40
2005,Iraq,0
2005,Jordan,2
2005,Kuwait,12
2005,Oman,34
2005,Pakistan,13
2005,Qatar,12
2005,Saudi Arabia,37
2005,Sudan,18
2005,Syria,22
2005,Yemen,12
2005,Algeria,21
2005,Angola,3
2005,Congo,2
2005,Gabon,2
2005,Kenya,0
2005,Libya,9
2005,Nigeria,9
2005,S.Africa,0
2005,Tunisia,1
2005,Argentina,77
2005,Bolivia,3
2005,Brazil,27
2005,Chile,0
2005,Colombia,15
2005,CostaRica,0
2005,Ecuador,12
2005,Mexico,107
2005,Peru,3
2005,Trinidad,2
2005,Venezuela,68
2005,Australia,16
2005,Bangladesh,0
2005,Brunei,2
2005,India,80
2005,Indonesia,55
2005,Japan,4
2005,Malaysia,13
2005,Myanmar,10
2005,New Zealand,5
2005,Papua New Guinea,2
2005,Phillippines,3
2005,Taiwan,0
2005,Thailand,8
2005,Vietnam,9
,,
2006,US,1648
2006,Canada,470
2006,Austria,0
2006,Denmark,1.5
2006,France,0
2006,Germany,4
2006,Greece,0
2006,Netherlands,5
2006,Hungary,3
2006,Italy,4
2006,Norway,17
2006,Poland,2
2006,Romania,2
2006,Spain,0
2006,Turkey,4
2006,U.K.,26
2006,Yugoslavia/Croatia,1
2006,Abu Dhabi,14
2006,Dubai,2
2006,Egypt,36
2006,Iran,0
2006,Iraq,0
2006,Jordan,1
2006,Kuwait,14
2006,Oman,38
2006,Pakistan,17
2006,Qatar,11
2006,Saudi Arabia,65
2006,Sudan,0
2006,Syria,23
2006,Yemen,16
2006,Algeria,24
2006,Angola,4
2006,Congo,2
2006,Gabon,3
2006,Kenya,0
2006,Libya,10
2006,Nigeria,10
2006,S.Africa,0
2006,Tunisia,3
2006,Argentina,80
2006,Bolivia,3
2006,Brazil,31
2006,Chile,0
2006,Colombia,22
2006,CostaRica,0
2006,Ecuador,11
2006,Mexico,83
2006,Peru,4
2006,Trinidad,6
2006,Venezuela,80
2006,Australia,19
2006,Bangladesh,0
2006,Brunei,3
2006,India,82
2006,Indonesia,50
2006,Japan,2
2006,Malaysia,13
2006,Myanmar,9
2006,New Zealand,5
2006,Papua New Guinea,2
2006,Phillippines,2
2006,Taiwan,0
2006,Thailand,10
2006,Vietnam,9
,,
2007,US,1767
2007,Canada,344
2007,Austria,0
2007,Denmark,1.5
2007,France,1
2007,Germany,5
2007,Greece,0
2007,Netherlands,4
2007,Hungary,2
2007,Italy,4
2007,Norway,18
2007,Poland,2
2007,Romania,2
2007,Spain,0
2007,Turkey,5
2007,U.K.,26
2007,Yugoslavia/Croatia,1
2007,Abu Dhabi,13
2007,Dubai,1
2007,Egypt,46
2007,Iran,0
2007,Iraq,0
2007,Jordan,1
2007,Kuwait,12
2007,Oman,48
2007,Pakistan,19
2007,Qatar,13
2007,Saudi Arabia,77
2007,Sudan,0
2007,Syria,21
2007,Yemen,15
2007,Algeria,27
2007,Angola,4
2007,Congo,3
2007,Gabon,3
2007,Kenya,0
2007,Libya,14
2007,Nigeria,8
2007,S.Africa,0
2007,Tunisia,3
2007,Argentina,81
2007,Bolivia,3
2007,Brazil,40
2007,Chile,1
2007,Colombia,36
2007,CostaRica,0
2007,Ecuador,11
2007,Mexico,92
2007,Peru,8
2007,Trinidad,6
2007,Venezuela,77
2007,Australia,22
2007,Bangladesh,0
2007,Brunei,4
2007,India,84
2007,Indonesia,57
2007,Japan,2
2007,Malaysia,15
2007,Myanmar,8
2007,New Zealand,5
2007,Papua New Guinea,2
2007,Phillippines,0
2007,Taiwan,0
2007,Thailand,11
2007,Vietnam,7
,,
2008,US,1878
2008,Canada,379
2008,Austria,0
2008,Denmark,1.5
2008,France,1
2008,Germany,9
2008,Greece,0
2008,Netherlands,3
2008,Hungary,4
2008,Italy,5
2008,Norway,20
2008,Poland,1
2008,Romania,19
2008,Spain,0
2008,Turkey,6
2008,U.K.,22
2008,Yugoslavia/Croatia,0
2008,Abu Dhabi,12
2008,Dubai,1
2008,Egypt,55
2008,Iran,0
2008,Iraq,0
2008,Jordan,1
2008,Kuwait,12
2008,Oman,54
2008,Pakistan,22
2008,Qatar,11
2008,Saudi Arabia,76
2008,Sudan,0
2008,Syria,20
2008,Yemen,14
2008,Algeria,26
2008,Angola,5
2008,Congo,2
2008,Gabon,2
2008,Kenya,0
2008,Libya,15
2008,Nigeria,8
2008,S.Africa,0
2008,Tunisia,4
2008,Argentina,80
2008,Bolivia,3
2008,Brazil,53
2008,Chile,2
2008,Colombia,41
2008,CostaRica,0
2008,Ecuador,10
2008,Mexico,102
2008,Peru,8
2008,Trinidad,5
2008,Venezuela,81
2008,Australia,27
2008,Bangladesh,0
2008,Brunei,3
2008,India,81
2008,Indonesia,65
2008,Japan,4
2008,Malaysia,13
2008,Myanmar,6
2008,New Zealand,5
2008,Papua New Guinea,3
2008,Phillippines,2
2008,Taiwan,0
2008,Thailand,12
2008,Vietnam,7
,,
2009,US,1086
2009,Canada,221
2009,Austria,1
2009,Denmark,1.5
2009,France,0
2009,Germany,7
2009,Greece,0
2009,Netherlands,3
2009,Hungary,3
2009,Italy,4
2009,Norway,21
2009,Poland,2
2009,Romania,8
2009,Spain,0
2009,Turkey,6
2009,U.K.,18
2009,Yugoslavia/Croatia,0
2009,Abu Dhabi,11
2009,Dubai,1
2009,Egypt,46
2009,Iran,0
2009,Iraq,0
2009,Jordan,1
2009,Kuwait,13
2009,Oman,49
2009,Pakistan,20
2009,Qatar,9
2009,Saudi Arabia,68
2009,Sudan,0
2009,Syria,23
2009,Yemen,10
2009,Algeria,27
2009,Angola,4
2009,Congo,2
2009,Gabon,1
2009,Kenya,0
2009,Libya,14
2009,Nigeria,6
2009,S.Africa,0
2009,Tunisia,4
2009,Argentina,53
2009,Bolivia,4
2009,Brazil,63
2009,Chile,3
2009,Colombia,28
2009,CostaRica,0
2009,Ecuador,10
2009,Mexico,128
2009,Peru,6
2009,Trinidad,2
2009,Venezuela,60
2009,Australia,17
2009,Bangladesh,0
2009,Brunei,4
2009,India,85
2009,Indonesia,63
2009,Japan,4
2009,Malaysia,13
2009,Myanmar,4
2009,New Zealand,4
2009,Papua New Guinea,2
2009,Phillippines,4
2009,Taiwan,0
2009,Thailand,13
2009,Vietnam,7
,,
2010,US,1541
2010,Canada,351
2010,Austria,2
2010,Denmark,1
2010,France,1
2010,Germany,5
2010,Greece,0
2010,Netherlands,7
2010,Hungary,2
2010,Italy,5
2010,Norway,18
2010,Poland,3
2010,Romania,10
2010,Spain,1
2010,Turkey,10
2010,U.K.,19
2010,Yugoslavia/Croatia,1
2010,Abu Dhabi,12
2010,Dubai,1
2010,Egypt,55
2010,Iran,0
2010,Iraq,0
2010,Jordan,0
2010,Kuwait,20
2010,Oman,44
2010,Pakistan,17
2010,Qatar,9
2010,Saudi Arabia,66
2010,Sudan,0
2010,Syria,25
2010,Yemen,13
2010,Algeria,25
2010,Angola,9
2010,Congo,3
2010,Gabon,4
2010,Kenya,0
2010,Libya,15
2010,Nigeria,15
2010,S.Africa,0
2010,Tunisia,5
2010,Argentina,71
2010,Bolivia,6
2010,Brazil,69
2010,Chile,3
2010,Colombia,42
2010,CostaRica,1
2010,Ecuador,11
2010,Mexico,97
2010,Peru,10
2010,Trinidad,2
2010,Venezuela,70
2010,Australia,15
2010,Bangladesh,0
2010,Brunei,5
2010,India,108
2010,Indonesia,59
2010,Japan,2
2010,Malaysia,12
2010,Myanmar,3
2010,New Zealand,5
2010,Papua New Guinea,3
2010,Phillippines,6
2010,Taiwan,0
2010,Thailand,12
2010,Vietnam,13
,,
2011,US,1875
2011,Canada,423
2011,Austria,3
2011,Denmark,1
2011,France,1
2011,Germany,6
2011,Greece,0
2011,Netherlands,6
2011,Hungary,2
2011,Italy,6
2011,Norway,17
2011,Poland,9
2011,Romania,10
2011,Spain,1
2011,Turkey,22
2011,U.K.,17
2011,Yugoslavia/Croatia,0
2011,Abu Dhabi,21
2011,Dubai,1
2011,Egypt,67
2011,Iran,0
2011,Iraq,0
2011,Jordan,0
2011,Kuwait,32
2011,Oman,43
2011,Pakistan,14
2011,Qatar,8
2011,Saudi Arabia,67
2011,Sudan,0
2011,Syria,28
2011,Yemen,5
2011,Algeria,31
2011,Angola,6
2011,Congo,4
2011,Gabon,6
2011,Kenya,1
2011,Libya,2
2011,Nigeria,15
2011,S.Africa,0
2011,Tunisia,4
2011,Argentina,65
2011,Bolivia,6
2011,Brazil,79
2011,Chile,3
2011,Colombia,66
2011,CostaRica,0
2011,Ecuador,13
2011,Mexico,94
2011,Peru,9
2011,Trinidad,2
2011,Venezuela,84
2011,Australia,12
2011,Bangladesh,1
2011,Brunei,3
2011,India,115
2011,Indonesia,55
2011,Japan,1
2011,Malaysia,8
2011,Myanmar,2
2011,New Zealand,4
2011,Papua New Guinea,4
2011,Phillippines,3
2011,Taiwan,0
2011,Thailand,14
2011,Vietnam,8
,,
2012,US,1919
2012,Canada,365
2012,Austria,3
2012,Denmark,1
2012,France,1
2012,Germany,7
2012,Greece,0
2012,Netherlands,7
2012,Hungary,2
2012,Italy,4
2012,Norway,17
2012,Poland,7
2012,Romania,9
2012,Spain,1
2012,Turkey,23
2012,U.K.,18
2012,Yugoslavia/Croatia,1
2012,Abu Dhabi,23
2012,Dubai,1
2012,Egypt,67
2012,Iran,0
2012,Iraq,43
2012,Jordan,0
2012,Kuwait,31
2012,Oman,51
2012,Pakistan,15
2012,Qatar,8
2012,Saudi Arabia,80
2012,Sudan,0
2012,Syria,27
2012,Yemen,3
2012,Algeria,36
2012,Angola,9
2012,Congo,3
2012,Gabon,5
2012,Kenya,2
2012,Libya,9
2012,Nigeria,17
2012,S.Africa,0
2012,Tunisia,3
2012,Argentina,66
2012,Bolivia,8
2012,Brazil,82
2012,Chile,3
2012,Colombia,51
2012,CostaRica,0
2012,Ecuador,20
2012,Mexico,106
2012,Peru,7
2012,Trinidad,5
2012,Venezuela,75
2012,Australia,18
2012,Bangladesh,2
2012,Brunei,2
2012,India,114
2012,Indonesia,45
2012,Japan,2
2012,Malaysia,13
2012,Myanmar,1
2012,New Zealand,5
2012,Papua New Guinea,3
2012,Phillippines,1
2012,Taiwan,0
2012,Thailand,15
2012,Vietnam,5
,,
2013,US,1761
2013,Canada,355
2013,Austria,3
2013,Denmark,1
2013,France,2
2013,Germany,6
2013,Greece,0
2013,Netherlands,8
2013,Hungary,2
2013,Italy,4
2013,Norway,20
2013,Poland,6
2013,Romania,8
2013,Spain,1
2013,Turkey,32
2013,U.K.,18
2013,Yugoslavia/Croatia,1
2013,Abu Dhabi,28
2013,Dubai,1
2013,Egypt,53
2013,Iran,0
2013,Iraq,83
2013,Jordan,1
2013,Kuwait,32
2013,Oman,50
2013,Pakistan,21
2013,Qatar,9
2013,Saudi Arabia,83
2013,Sudan,0
2013,Syria,2
2013,Yemen,5
2013,Algeria,47
2013,Angola,11
2013,Congo,5
2013,Gabon,5
2013,Kenya,6
2013,Libya,14
2013,Nigeria,18
2013,S.Africa,1
2013,Tunisia,2
2013,Argentina,82
2013,Bolivia,9
2013,Brazil,63
2013,Chile,3
2013,Colombia,43
2013,CostaRica,0
2013,Ecuador,26
2013,Mexico,106
2013,Peru,6
2013,Trinidad,3
2013,Venezuela,78
2013,Australia,18
2013,Bangladesh,1
2013,Brunei,2
2013,India,119
2013,Indonesia,38
2013,Japan,2
2013,Malaysia,12
2013,Myanmar,2
2013,New Zealand,7
2013,Papua New Guinea,3
2013,Phillippines,3
2013,Taiwan,0
2013,Thailand,18
2013,Vietnam,3
,,
2014,US,1862
2014,Canada,380
2014,Austria,3
2014,Denmark,1
2014,France,3
2014,Germany,4
2014,Greece,0
2014,Netherlands,10
2014,Hungary,2
2014,Italy,5
2014,Norway,16
2014,Poland,5
2014,Romania,13
2014,Spain,0
2014,Turkey,42
2014,U.K.,16
2014,Yugoslavia/Croatia,2
2014,Abu Dhabi,33
2014,Dubai,2
2014,Egypt,53
2014,Iran,0
2014,Iraq,79
2014,Jordan,0
2014,Kuwait,38
2014,Oman,59
2014,Pakistan,21
2014,Qatar,10
2014,Saudi Arabia,103
2014,Sudan,0
2014,Syria,0
2014,Yemen,4
2014,Algeria,48
2014,Angola,15
2014,Congo,6
2014,Gabon,6
2014,Kenya,12
2014,Libya,10
2014,Nigeria,15
2014,S.Africa,1
2014,Tunisia,1
2014,Argentina,103
2014,Bolivia,8
2014,Brazil,46
2014,Chile,4
2014,Colombia,43
2014,CostaRica,0
2014,Ecuador,24
2014,Mexico,86
2014,Peru,7
2014,Trinidad,3
2014,Venezuela,74
2014,Australia,20
2014,Bangladesh,2
2014,Brunei,1
2014,India,124
2014,Indonesia,34
2014,Japan,0
2014,Malaysia,9
2014,Myanmar,2
2014,New Zealand,6
2014,Papua New Guinea,5
2014,Phillippines,2
2014,Taiwan,0
2014,Thailand,17
2014,Vietnam,5
,,
2015,US,977
2015,Canada,193
2015,Austria,1
2015,Denmark,1
2015,France,1
2015,Germany,3
2015,Greece,0
2015,Netherlands,6
2015,Hungary,2
2015,Italy,4
2015,Norway,17
2015,Poland,8
2015,Romania,10
2015,Spain,0
2015,Turkey,30
2015,U.K.,14
2015,Yugoslavia/Croatia,1
2015,Abu Dhabi,40
2015,Dubai,2
2015,Egypt,42
2015,Iran,0
2015,Iraq,52
2015,Jordan,0
2015,Kuwait,47
2015,Oman,67
2015,Pakistan,22
2015,Qatar,7
2015,Saudi Arabia,124
2015,Sudan,0
2015,Syria,0
2015,Yemen,1
2015,Algeria,51
2015,Angola,11
2015,Congo,4
2015,Gabon,4
2015,Kenya,11
2015,Libya,3
2015,Nigeria,11
2015,S.Africa,1
2015,Tunisia,1
2015,Argentina,105
2015,Bolivia,5
2015,Brazil,41
2015,Chile,3
2015,Colombia,26
2015,CostaRica,0
2015,Ecuador,12
2015,Mexico,52
2015,Peru,2
2015,Trinidad,6
2015,Venezuela,67
2015,Australia,16
2015,Bangladesh,0
2015,Brunei,1
2015,India,110
2015,Indonesia,28
2015,Japan,0
2015,Malaysia,8
2015,Myanmar,1
2015,New Zealand,2
2015,Papua New Guinea,3
2015,Phillippines,3
2015,Taiwan,0
2015,Thailand,18
2015,Vietnam,3
,,
2016,US,510
2016,Canada,128
2016,Austria,0
2016,Denmark,0.5
2016,France,0
2016,Germany,4
2016,Greece,0
2016,Netherlands,3
2016,Hungary,2
2016,Italy,5
2016,Norway,17
2016,Poland,6
2016,Romania,5
2016,Spain,0
2016,Turkey,29
2016,U.K.,9
2016,Yugoslavia/Croatia,1
2016,Abu Dhabi,49
2016,Dubai,2
2016,Egypt,29
2016,Iran,0
2016,Iraq,43
2016,Jordan,0
2016,Kuwait,44
2016,Oman,66
2016,Pakistan,24
2016,Qatar,8
2016,Saudi Arabia,125
2016,Sudan,0
2016,Syria,0
2016,Yemen,0
2016,Algeria,54
2016,Angola,6
2016,Congo,1
2016,Gabon,0
2016,Kenya,11
2016,Libya,1
2016,Nigeria,6
2016,S.Africa,0
2016,Tunisia,0
2016,Argentina,69
2016,Bolivia,5
2016,Brazil,20
2016,Chile,3
2016,Colombia,8
2016,CostaRica,0
2016,Ecuador,4
2016,Mexico,26
2016,Peru,1
2016,Trinidad,5
2016,Venezuela,58
2016,Australia,6
2016,Bangladesh,0
2016,Brunei,1
2016,India,108
2016,Indonesia,18
2016,Japan,1
2016,Malaysia,4
2016,Myanmar,1
2016,New Zealand,0
2016,Papua New Guinea,2
2016,Phillippines,2
2016,Taiwan,0
2016,Thailand,13
2016,Vietnam,3
,,
2017,US,875
2017,Canada,207
2017,Austria,1
2017,Denmark,0.5
2017,France,1
2017,Germany,3
2017,Greece,1
2017,Netherlands,2
2017,Hungary,1
2017,Italy,3
2017,Norway,15
2017,Poland,9
2017,Romania,6
2017,Spain,0
2017,Turkey,23
2017,U.K.,8
2017,Yugoslavia/Croatia,1
2017,Abu Dhabi,49
2017,Dubai,2
2017,Egypt,24
2017,Iran,0
2017,Iraq,49
2017,Jordan,0
2017,Kuwait,54
2017,Oman,56
2017,Pakistan,22
2017,Qatar,9
2017,Saudi Arabia,118
2017,Sudan,0
2017,Syria,0
2017,Yemen,0
2017,Algeria,54
2017,Angola,3
2017,Congo,2
2017,Gabon,1
2017,Kenya,9
2017,Libya,1
2017,Nigeria,9
2017,S.Africa,0
2017,Tunisia,0
2017,Argentina,62
2017,Bolivia,3
2017,Brazil,15
2017,Chile,2
2017,Colombia,22
2017,CostaRica,0
2017,Ecuador,6
2017,Mexico,18
2017,Peru,2
2017,Trinidad,6
2017,Venezuela,49
2017,Australia,14
2017,Bangladesh,0
2017,Brunei,1
2017,India,113
2017,Indonesia,26
2017,Japan,2
2017,Malaysia,5
2017,Myanmar,1
2017,New Zealand,0
2017,Papua New Guinea,1
2017,Phillippines,1
2017,Taiwan,0
2017,Thailand,11
2017,Vietnam,3
,,
2018,US,1032
2018,Canada,191
2018,Austria,1
2018,Denmark,0
2018,France,1
2018,Germany,3
2018,Greece,1
2018,Netherlands,2
2018,Hungary,2
2018,Italy,2
2018,Norway,15
2018,Poland,6
2018,Romania,9
2018,Spain,0
2018,Turkey,19
2018,U.K.,8
2018,Yugoslavia/Croatia,1
2018,Abu Dhabi,53
2018,Dubai,2
2018,Egypt,26
2018,Iran,0
2018,Iraq,59
2018,Jordan,0
2018,Kuwait,51
2018,Oman,53
2018,Pakistan,24
2018,Qatar,10
2018,Saudi Arabia,117
2018,Sudan,0
2018,Syria,0
2018,Yemen,0
2018,Algeria,50
2018,Angola,4
2018,Congo,3
2018,Gabon,4
2018,Kenya,8
2018,Libya,4
2018,Nigeria,13
2018,S.Africa,0
2018,Tunisia,2
2018,Argentina,71
2018,Bolivia,3
2018,Brazil,12
2018,Chile,2
2018,Colombia,26
2018,CostaRica,0
2018,Ecuador,8
2018,Mexico,27
2018,Peru,4
2018,Trinidad,3
2018,Venezuela,33
2018,Australia,19
2018,Bangladesh,0
2018,Brunei,1
2018,India,117
2018,Indonesia,33
2018,Japan,1
2018,Malaysia,8
2018,Myanmar,1
2018,New Zealand,1
2018,Papua New Guinea,1
2018,Phillippines,0
2018,Taiwan,0
2018,Thailand,7
2018,Vietnam,3
,,
2019,US,971
2019,Canada,135
2019,Austria,1
2019,Denmark,0
2019,France,2
2019,Germany,4
2019,Greece,1
2019,Netherlands,1
2019,Hungary,2
2019,Italy,3
2019,Norway,17
2019,Poland,6
2019,Romania,10
2019,Spain,0
2019,Turkey,20
2019,U.K.,15
2019,Yugoslavia/Croatia,1
2019,Abu Dhabi,60
2019,Dubai,2
2019,Egypt,26
2019,Iran,0
2019,Iraq,73
2019,Jordan,0
2019,Kuwait,45
2019,Oman,53
2019,Pakistan,23
2019,Qatar,13
2019,Saudi Arabia,115
2019,Sudan,1
2019,Syria,0
2019,Yemen,0
2019,Algeria,46
2019,Angola,5
2019,Congo,3
2019,Gabon,7
2019,Kenya,7
2019,Libya,15
2019,Nigeria,15
2019,S.Africa,0
2019,Tunisia,2
2019,Argentina,66
2019,Bolivia,4
2019,Brazil,10
2019,Chile,2
2019,Colombia,30
2019,CostaRica,0
2019,Ecuador,8
2019,Mexico,34
2019,Peru,5
2019,Trinidad,3
2019,Venezuela,24
2019,Australia,25
2019,Bangladesh,0
2019,Brunei,1
2019,India,117
2019,Indonesia,25
2019,Japan,2
2019,Malaysia,8
2019,Myanmar,3
2019,New Zealand,2
2019,Papua New Guinea,1
2019,Phillippines,1
2019,Taiwan,0
2019,Thailand,5
2019,Vietnam,2